hours,power_in_kW
0.0,2192.0270774126316
0.016666666666666666,2403.4335938566787
0.03333333333333333,2172.6714112716404
0.05,2303.2780222120377
0.06666666666666667,2335.5278937664552
0.08333333333333333,2299.914595906075
0.1,2479.5467246982407
0.11666666666666667,2403.1196361776447
0.13333333333333333,2385.386312368744
0.15,2381.3954369734206
0.16666666666666666,2320.1655704885943
0.18333333333333332,2350.593914714382
0.2,2411.8659766075616
0.21666666666666667,2354.934913057117
0.23333333333333334,2165.7223249833437
0.25,2267.9366866471482
0.26666666666666666,2193.4727031895445
0.2833333333333333,2035.9695920183524
0.3,2339.4818710015247
0.31666666666666665,2111.201669249308
0.3333333333333333,2200.4947173782407
0.35,2138.5748270262943
0.36666666666666664,2301.181906967748
0.3833333333333333,2038.2756094348251
0.4,2343.1952722246924
0.4166666666666667,2466.6716576218973
0.43333333333333335,2062.886709941671
0.45,2275.8990697029544
0.4666666666666667,2284.1399850988146
0.48333333333333334,2304.35161228444
0.5,2356.0697386728293
0.5166666666666666,2098.34059331025
0.5333333333333333,2437.7441450260244
0.55,2210.0098896773825
0.5666666666666667,2307.666928679306
0.5833333333333334,2274.2117830942093
0.6,2198.845644145549
0.6166666666666667,2441.324824533753
0.6333333333333333,2227.4410665999403
0.65,2365.9140410557047
0.6666666666666666,2281.4431090505373
0.6833333333333333,2523.073385891495
0.7,2459.8115421270722
0.7166666666666667,2315.795260817909
0.7333333333333333,2422.7670469443838
0.75,2293.272256728157
0.7666666666666666,2341.4916669720374
0.7833333333333333,2354.716591307614
0.8,2096.536140725574
0.8166666666666667,2097.5975676568437
0.8333333333333334,2225.9278792812265
0.85,2389.155438419053
0.8666666666666667,2150.268420589935
0.8833333333333333,2159.6821882560093
0.9,2169.3295517249476
0.9166666666666666,2280.7609096826377
0.9333333333333333,2203.281276225274
0.95,2136.7169322195828
0.9666666666666667,2205.978225597777
0.9833333333333333,2012.1487355411314
1.0,1898.2848049219988
1.0166666666666666,2161.8498847570263
1.0333333333333332,1829.8267094027585
1.05,2064.7700461815566
1.0666666666666667,2091.4450394743635
1.0833333333333333,2163.2331839122735
1.1,2191.11194289256
1.1166666666666667,2133.856001263678
1.1333333333333333,2374.746999108197
1.15,2292.1341372496054
1.1666666666666667,2386.7003268872536
1.1833333333333333,2504.444702384778
1.2,2306.0308832011237
1.2166666666666666,2436.2790053592494
1.2333333333333334,2509.195122396069
1.25,2548.2164448054477
1.2666666666666666,2533.711109321805
1.2833333333333332,2548.384687711501
1.3,2780.035771642916
1.3166666666666667,2698.647837351383
1.3333333333333333,2737.923442631967
1.35,2477.840932779281
1.3666666666666667,2727.7438778340024
1.3833333333333333,2563.878208362894
1.4,2598.3835275788333
1.4166666666666667,2648.7914037644446
1.4333333333333333,2410.313610075631
1.45,2620.7358898018188
1.4666666666666666,2780.1496860342822
1.4833333333333334,2398.3625182749106
1.5,2563.598108009748
1.5166666666666666,2267.796202800514
1.5333333333333332,2501.7490152902847
1.55,2264.8293983995
1.5666666666666667,2616.4665066797493
1.5833333333333333,2441.098463716705
1.6,2446.4289015554214
1.6166666666666667,2415.117680814113
1.6333333333333333,2411.6673502795543
1.65,2238.582190942364
1.6666666666666667,2287.516598699787
1.6833333333333333,2121.1783936132774
1.7,2235.439837226399
1.7166666666666666,2347.504758676664
1.7333333333333334,2253.3282530431047
1.75,2442.173270014713
1.7666666666666666,2078.01410665247
1.7833333333333332,2229.625708513684
1.8,2147.290790091278
1.8166666666666667,2130.3136096463386
1.8333333333333333,2271.8847730440934
1.8499999999999999,2106.2688616101163
1.8666666666666667,2167.138123474949
1.8833333333333333,2280.1329582282206
1.9,2004.4708774899589
1.9166666666666667,2234.897664867774
1.9333333333333333,2115.834966854516
1.95,2155.0678857297744
1.9666666666666666,2060.6682783099523
1.9833333333333334,2089.7176585014054
2.0,2190.9745970624967
2.0166666666666666,2268.3964741625314
2.033333333333333,2112.1677062886033
2.05,2202.1764594110655
2.0666666666666664,2120.8803759971315
2.0833333333333335,2025.943420299747
2.1,2100.588824547336
2.1166666666666667,2056.6668529518997
2.1333333333333333,1989.7786861180655
2.15,1830.2053931272055
2.1666666666666665,1913.4377549424885
2.183333333333333,1848.9056180553578
2.2,1879.9087747661304
2.216666666666667,1753.436388689292
2.2333333333333334,1808.207873536663
2.25,1712.0237655787832
2.2666666666666666,1841.6891359430535
2.283333333333333,1898.0686305547426
2.3,1853.0347489671979
2.3166666666666664,1798.726728933351
2.3333333333333335,1667.6753782688525
2.35,1718.7444066600533
2.3666666666666667,1775.4281697468018
2.3833333333333333,1848.5422134310081
2.4,1883.4118211760624
2.4166666666666665,1893.810655691657
2.433333333333333,1993.4053534444192
2.45,2070.3089157028667
2.466666666666667,1980.56907149693
2.4833333333333334,1986.2370517544268
2.5,1936.0258417044727
2.5166666666666666,1977.7571966617434
2.533333333333333,1987.8601703588947
2.55,2200.707867515596
2.5666666666666664,1959.5358200206872
2.5833333333333335,2059.9543824243765
2.6,2182.444111986812
2.6166666666666667,2247.5658786308927
2.6333333333333333,2338.701723244814
2.65,2137.0720923978447
2.6666666666666665,2373.6946758854365
2.683333333333333,2200.873046243699
2.7,2231.533709139743
2.716666666666667,2411.85783980298
2.7333333333333334,2067.89121413242
2.75,2182.69733448092
2.7666666666666666,2321.3217163951495
2.783333333333333,2351.9159244431676
2.8,2122.331451064632
2.8166666666666664,2120.8209140379518
2.8333333333333335,2149.996748568361
2.85,2315.826900337828
2.8666666666666667,2201.732276054817
2.8833333333333333,1905.2917060785328
2.9,2230.709530285006
2.9166666666666665,1952.191521151769
2.933333333333333,1883.7225045073515
2.95,2142.6547126311816
2.966666666666667,2190.404616307886
2.9833333333333334,2225.710781652531
3.0,1892.8302375164512
3.0166666666666666,1985.263977043641
3.033333333333333,1951.636672449784
3.05,1971.905666554114
3.0666666666666664,1927.737538918284
3.0833333333333335,2030.8075057959072
3.1,2091.783352033645
3.1166666666666667,1862.8752788765403
3.1333333333333333,1792.2853692551707
3.15,1906.0732437504432
3.1666666666666665,1890.2650397578998
3.183333333333333,1820.1515448316468
3.2,1985.1602617963197
3.216666666666667,1801.5216281151872
3.2333333333333334,2038.7783321147697
3.25,1949.8097365640467
3.2666666666666666,2102.2568311078417
3.283333333333333,2011.4615736426654
3.3,2205.716284665093
3.3166666666666664,2154.4594688136026
3.3333333333333335,1975.631334787474
3.35,2190.9262398628994
3.3666666666666667,1887.3850591602027
3.3833333333333333,1928.8432724716422
3.4,2037.0880879803099
3.4166666666666665,1920.2877516730207
3.433333333333333,1897.1669324613038
3.4499999999999997,1987.8510514091295
3.466666666666667,2076.19295735092
3.4833333333333334,1832.5752367654104
3.5,2050.4735859706834
3.5166666666666666,1780.6573712853478
3.533333333333333,1807.2594743663037
3.55,1842.3559780668784
3.5666666666666664,1957.9017706351754
3.5833333333333335,1836.7803258016063
3.6,2050.9642398720607
3.6166666666666667,1727.9826547619248
3.6333333333333333,1962.8546296708616
3.65,1856.842452533589
3.6666666666666665,1890.6880856886344
3.683333333333333,1796.5833562398211
3.6999999999999997,1846.3618953880457
3.716666666666667,1637.7921474917598
3.7333333333333334,1822.0993166794196
3.75,1952.7849349418993
3.7666666666666666,2124.567777267213
3.783333333333333,2115.35521263724
3.8,2014.4997823649278
3.8166666666666664,1960.5688295669215
3.8333333333333335,1934.3596634157077
3.85,2220.2222444160893
3.8666666666666667,2238.576948231496
3.8833333333333333,2381.3535524689482
3.9,2161.6540626330793
3.9166666666666665,2621.6613294916224
3.933333333333333,2380.8900247988117
3.9499999999999997,2479.7280132978035
3.966666666666667,2549.9349080173065
3.9833333333333334,2526.8347326956837
4.0,2706.0663077365834
4.016666666666667,2776.1057880787953
4.033333333333333,2320.8492610637018
4.05,2629.146401891692
4.066666666666666,2505.522102903748
4.083333333333333,2501.7614349749406
4.1,2654.705229209179
4.116666666666666,2741.6459295424243
4.133333333333333,2764.38490792191
4.15,2712.784605017061
4.166666666666667,2617.977235383508
4.183333333333334,2709.3387186642476
4.2,2609.687763189114
4.216666666666667,2591.6545452506994
4.233333333333333,2439.107510065987
4.25,2464.604651185026
4.266666666666667,2607.6272136539237
4.283333333333333,2344.15576988762
4.3,2336.978504786846
4.316666666666666,2326.774032203291
4.333333333333333,2413.905771656425
4.35,2491.163194734127
4.366666666666666,2441.2084760782177
4.383333333333333,2650.6975934220995
4.4,2407.679573642926
4.416666666666667,2403.538942635529
4.433333333333334,2583.0301041486596
4.45,2435.8113678315776
4.466666666666667,2537.034324588272
4.483333333333333,2389.7794904545904
4.5,2575.6204160443845
4.516666666666667,2555.6321653763584
4.533333333333333,2529.3219421329177
4.55,2587.1645623323975
4.566666666666666,2359.919208244277
4.583333333333333,2665.554355366604
4.6,2442.0039597895716
4.616666666666666,2560.5668473840524
4.633333333333333,2470.0721243594317
4.65,2633.6127419511304
4.666666666666667,2567.308264331391
4.683333333333334,2720.8443915755893
4.7,2527.8827744072028
4.716666666666667,2830.5755181762506
4.733333333333333,2781.2094735401884
4.75,2339.7359899504754
4.766666666666667,2497.508505821062
4.783333333333333,2518.053329910565
4.8,2531.0459084616027
4.816666666666666,2166.466761323939
4.833333333333333,2184.992987359144
4.85,2661.334978217466
4.866666666666666,2690.7959908469566
4.883333333333333,2649.8199605605823
4.9,2457.5213160816606
4.916666666666667,2709.8183666030823
4.933333333333334,2223.138910409272
4.95,2366.1887298025135
4.966666666666667,2460.441527890897
4.983333333333333,2287.0617181035454
5.0,2392.700315552264
5.016666666666667,2184.9221959886004
5.033333333333333,2464.693808124829
5.05,2292.790306078136
5.066666666666666,2469.005383468454
5.083333333333333,2476.7097498589324
5.1,2451.5824581460947
5.116666666666666,2569.3438414795805
5.133333333333333,2246.1065014393844
5.15,2620.705904134977
5.166666666666667,2844.6268923704965
5.183333333333334,2521.8829133980335
5.2,2615.256453621255
5.216666666666667,2559.8914559994078
5.233333333333333,2822.085744238364
5.25,2723.068329942982
5.266666666666667,2929.4211410780654
5.283333333333333,2686.923102574567
5.3,2707.06013444129
5.316666666666666,2881.6723194419283
5.333333333333333,2741.0709640578903
5.35,2897.630673577371
5.366666666666666,2664.348960633593
5.383333333333333,2864.1628779363414
5.4,2909.030428264526
5.416666666666667,2963.697231532155
5.433333333333334,2951.09441148222
5.45,2728.3125355175443
5.466666666666667,2875.5629019355897
5.483333333333333,2983.8134531098603
5.5,2521.0002676420618
5.516666666666667,2837.540958005971
5.533333333333333,2757.7013305826144
5.55,2775.1611551206156
5.566666666666666,2641.088480806586
5.583333333333333,2600.424814186739
5.6,2527.438757489316
5.616666666666666,2476.7450211385712
5.633333333333333,2567.7256030805715
5.65,2665.4868741774894
5.666666666666667,2565.2936548508033
5.683333333333334,2491.7114389378694
5.7,2630.7494080238794
5.716666666666667,2435.302903069626
5.733333333333333,2349.594795835787
5.75,2653.1343127218975
5.766666666666667,2387.127806371063
5.783333333333333,2454.203283173137
5.8,2467.8622357933873
5.816666666666666,2393.5829469489345
5.833333333333333,2410.7038924192357
5.85,2514.171440138786
5.866666666666666,2588.956885700299
5.883333333333333,2248.996144449922
5.9,2311.1855515538796
5.916666666666667,2496.66042166859
5.933333333333334,2378.0641128715974
5.95,2195.618091758539
5.966666666666667,2167.545410749059
5.983333333333333,2478.739171214592
6.0,2375.958343272687
6.016666666666667,2231.6327618006408
6.033333333333333,2204.335433057508
6.05,2361.520705581015
6.066666666666666,2376.39443703728
6.083333333333333,2493.1115400882463
6.1,2131.9606491816608
6.116666666666666,2091.0034755354422
6.133333333333333,2256.0286185491514
6.15,1917.8565938209717
6.166666666666667,2037.2065912433957
6.183333333333334,2042.2355978483715
6.2,2127.171059643284
6.216666666666667,1957.1327702833225
6.233333333333333,1964.9664502155626
6.25,2021.041114240308
6.266666666666667,1781.1674995666665
6.283333333333333,1900.54868360509
6.3,2155.6097682247478
6.316666666666666,1846.6968798027892
6.333333333333333,1857.15451412516
6.35,2050.7118433635073
6.366666666666666,1901.6313349375873
6.383333333333333,2062.4599459109777
6.4,1855.3509630226577
6.416666666666667,2023.2422938432326
6.433333333333334,2061.557490167767
6.45,2268.687370425671
6.466666666666667,2007.8681928069439
6.483333333333333,1939.2371873038817
6.5,2168.4935678503944
6.516666666666667,2088.3197681235715
6.533333333333333,2383.9064730577143
6.55,2154.0395386879345
6.566666666666666,2181.025500167604
6.583333333333333,2195.836945431801
6.6,2380.369004748519
6.616666666666666,2189.2777378561013
6.633333333333333,2298.9536086729727
6.6499999999999995,2443.2554307811015
6.666666666666667,2403.3110320107444
6.683333333333334,2234.334388543405
6.7,2193.9536520462284
6.716666666666667,2236.890514509422
6.733333333333333,2204.3546795437896
6.75,2413.5024618044
6.766666666666667,2566.4748770573096
6.783333333333333,2468.6008283370784
6.8,2416.2855337032042
6.816666666666666,2490.689721943029
6.833333333333333,2340.9135869827282
6.85,2401.459899577318
6.866666666666666,2227.327441205579
6.883333333333333,2299.9146624867367
6.8999999999999995,2025.5367979912078
6.916666666666667,2119.003489498513
6.933333333333334,2316.2643637049555
6.95,2054.4695514238056
6.966666666666667,1947.0870258719108
6.983333333333333,2151.77870803914
7.0,1970.572928717407
7.016666666666667,2214.4459383853928
7.033333333333333,1783.43524168645
7.05,2173.756307127221
7.066666666666666,2080.5963475322815
7.083333333333333,2160.4195026805996
7.1,2091.5971302288594
7.116666666666666,2230.9901102269923
7.133333333333333,2001.333959452705
7.1499999999999995,2156.396050968073
7.166666666666667,2143.605065773332
7.183333333333334,2289.7860195718004
7.2,2043.888795678335
7.216666666666667,2019.2610568624004
7.233333333333333,2117.8119363229753
7.25,2141.1061908300435
7.266666666666667,2230.698592377662
7.283333333333333,1951.4119834315477
7.3,2305.6196902207907
7.316666666666666,2211.7069211647236
7.333333333333333,2310.748983381593
7.35,2202.651826778113
7.366666666666666,2169.9528484632037
7.383333333333333,2124.8810755209024
7.3999999999999995,2145.4741890267087
7.416666666666667,2132.312547943984
7.433333333333334,1857.6522597887058
7.45,2081.3842287286566
7.466666666666667,1828.4948448589212
7.483333333333333,1938.730612780015
7.5,1956.2258310224597
7.516666666666667,2225.4998277459495
7.533333333333333,2164.4313511766463
7.55,2205.930211417947
7.566666666666666,2002.1300059005841
7.583333333333333,1916.9942385152326
7.6,1723.2204004388107
7.616666666666666,1873.0838000775473
7.633333333333333,1843.9401353636451
7.6499999999999995,2096.631781224233
7.666666666666667,2068.683027803662
7.683333333333334,2055.997739318266
7.7,1985.0316097531927
7.716666666666667,2210.253543617299
7.733333333333333,2132.2128319854573
7.75,1964.6475851978869
7.766666666666667,1943.9949815752575
7.783333333333333,2203.8095969881774
7.8,2203.5154478963454
7.816666666666666,2089.39485941072
7.833333333333333,2322.506449794059
7.85,1953.7791596269453
7.866666666666666,2261.785768235969
7.883333333333333,2438.9632516335705
7.8999999999999995,2577.886839811137
7.916666666666667,2479.612175351551
7.933333333333334,2579.680662404993
7.95,2767.400137179794
7.966666666666667,2374.4543031898065
7.983333333333333,2586.749416058274
8.0,2546.963430174769
8.016666666666666,2674.3855726383986
8.033333333333333,2630.3274537406164
8.05,2736.6513250331327
8.066666666666666,2678.731122714307
8.083333333333334,2506.247959901454
8.1,2577.7587983671874
8.116666666666667,2661.275344933977
8.133333333333333,2565.0099962031327
8.15,2710.2188292396627
8.166666666666666,2429.211428949421
8.183333333333334,2382.652534448638
8.2,2681.05052859594
8.216666666666667,2757.7686064118475
8.233333333333333,2573.137240156712
8.25,2696.6938013304357
8.266666666666666,2354.866679476784
8.283333333333333,2447.7116470201872
8.3,2480.409469810379
8.316666666666666,2603.0053869119647
8.333333333333334,2606.1180391643093
8.35,2486.3815942094325
8.366666666666667,2528.657120811066
8.383333333333333,2653.710498980262
8.4,2291.6523520681058
8.416666666666666,2517.0296776964196
8.433333333333334,2490.654428706585
8.45,2653.876263704388
8.466666666666667,2892.0124157824753
8.483333333333333,2599.8022344980936
8.5,2453.8986023858065
8.516666666666666,2429.939701784774
8.533333333333333,2386.641225842929
8.55,2588.048390338775
8.566666666666666,2661.243397597228
8.583333333333334,2435.2844065846843
8.6,2555.679479061128
8.616666666666667,2661.2725042292423
8.633333333333333,2655.0151059532272
8.65,2621.40571654979
8.666666666666666,2448.7566369132583
8.683333333333334,2430.9261164566997
8.7,2658.0840425597557
8.716666666666667,2784.1201203397404
8.733333333333333,2473.0031049798317
8.75,2436.4653166637813
8.766666666666666,2540.778169465987
8.783333333333333,2660.4752990142015
8.8,2476.423903062195
8.816666666666666,2512.6047280557373
8.833333333333334,2461.5280526212464
8.85,2426.609047064745
8.866666666666667,2358.061737307375
8.883333333333333,2552.408999493202
8.9,2516.9572614605977
8.916666666666666,2477.971151779289
8.933333333333334,2443.9621954334175
8.95,2520.2056175389016
8.966666666666667,2380.273315936924
8.983333333333333,2371.517659600628
9.0,2351.1385594912394
9.016666666666666,2337.8953131658436
9.033333333333333,2347.8275762811722
9.05,2479.3593060280555
9.066666666666666,2249.0148497692894
9.083333333333334,2496.7790659126545
9.1,2537.177377797561
9.116666666666667,2249.97308960493
9.133333333333333,2560.3521006972396
9.15,2408.779106290419
9.166666666666666,2638.8244994141255
9.183333333333334,2661.919091237073
9.2,2660.1427859925116
9.216666666666667,2422.321589019494
9.233333333333333,2764.5920988727007
9.25,2838.5987091737743
9.266666666666666,2567.7680471616873
9.283333333333333,2807.592815433805
9.3,2846.934351699117
9.316666666666666,2926.108251629645
9.333333333333334,2992.958325464082
9.35,2721.4212676331604
9.366666666666667,3066.1836413657743
9.383333333333333,2723.826309287507
9.4,2914.694430888965
9.416666666666666,3049.1200862310084
9.433333333333334,2691.576211434654
9.45,2737.1073482446945
9.466666666666667,2898.248844728929
9.483333333333333,2801.453515472111
9.5,2699.121220921772
9.516666666666666,2553.724835846566
9.533333333333333,2676.134392455801
9.55,2478.544009046729
9.566666666666666,2515.300457124158
9.583333333333334,2481.3296478359484
9.6,2569.569586602945
9.616666666666667,2569.6408540023435
9.633333333333333,2430.7277468029374
9.65,2594.934935875159
9.666666666666666,2497.3578511395617
9.683333333333334,2423.449572642703
9.7,2471.1676305157384
9.716666666666667,2412.2702351228295
9.733333333333333,2506.09355958267
9.75,2384.8622475302436
9.766666666666666,2208.759034993315
9.783333333333333,2303.561874496419
9.8,2210.407531615677
9.816666666666666,2317.4107939190444
9.833333333333334,2324.5475209123365
9.85,2305.506267274663
9.866666666666667,2364.7222209334873
9.883333333333333,2313.2413172631277
9.9,2517.357228816736
9.916666666666666,2182.420397540064
9.933333333333334,2080.3791219665413
9.95,2144.1459545674184
9.966666666666667,2472.6298841050693
9.983333333333333,2293.078981497346
10.0,2180.632259513168
10.016666666666666,2486.3169103405307
10.033333333333333,2473.73046594882
10.05,2380.119998134203
10.066666666666666,2215.724329923957
10.083333333333334,2082.5997104180105
10.1,2271.8134142373683
10.116666666666667,2171.679898470501
10.133333333333333,2113.53343182335
10.15,2268.596094603809
10.166666666666666,2225.177935627138
10.183333333333334,2001.8747202557333
10.2,2244.1577637274613
10.216666666666667,2005.105619524866
10.233333333333333,1947.7119004792903
10.25,2048.085850129935
10.266666666666666,1866.95892938503
10.283333333333333,1836.2957346929047
10.3,1898.4478643277062
10.316666666666666,1954.416238537633
10.333333333333334,1836.2288438294554
10.35,1838.5108280516756
10.366666666666667,1860.7594797552463
10.383333333333333,2090.5647122952664
10.4,2082.5545433852612
10.416666666666666,1915.324234864763
10.433333333333334,2018.7309290630253
10.45,1881.7621951546596
10.466666666666667,1811.5768429019333
10.483333333333333,2056.415723522979
10.5,1918.5917083594572
10.516666666666666,1999.5510208329772
10.533333333333333,2262.748604893908
10.55,2274.259786816203
10.566666666666666,2162.0644567155346
10.583333333333334,2243.292345688185
10.6,2081.0986534534777
10.616666666666667,2091.8529999210946
10.633333333333333,2000.095963100684
10.65,2214.2036079960567
10.666666666666666,2200.471507838046
10.683333333333334,2108.823372093877
10.7,2147.968408176245
10.716666666666667,2127.897356582013
10.733333333333333,2207.770554154587
10.75,2309.0951995233972
10.766666666666666,2094.0845474860753
10.783333333333333,2140.007446839401
10.8,2146.9786587053195
10.816666666666666,2146.544526080653
10.833333333333334,2080.654303616806
10.85,2258.235613174975
10.866666666666667,2083.0571664399677
10.883333333333333,1997.7121796404372
10.9,2169.664321101541
10.916666666666666,2013.7553184857675
10.933333333333334,2230.7366586452426
10.95,2094.8378916361753
10.966666666666667,1986.5012038258028
10.983333333333333,1839.6896879648023
11.0,1746.627348526953
11.016666666666666,2021.7955606972655
11.033333333333333,1753.4934719714017
11.05,1902.911779689345
11.066666666666666,1939.618269133359
11.083333333333334,1947.304875904525
11.1,1757.0157535913925
11.116666666666667,1944.9271195231672
11.133333333333333,1956.9435990370077
11.15,1793.3796968026156
11.166666666666666,1941.5483598990543
11.183333333333334,1771.6718313140786
11.2,2071.8963474808893
11.216666666666667,1704.1990086890244
11.233333333333333,2014.3386981752128
11.25,1955.3122289680389
11.266666666666666,2251.4105854426084
11.283333333333333,1932.3455715341931
11.3,1774.2229454914404
11.316666666666666,1724.9202847686374
11.333333333333334,2174.5142351184923
11.35,1967.6530847903516
11.366666666666667,2057.310435885106
11.383333333333333,1944.266329173051
11.4,1721.9500689754261
11.416666666666666,1878.5559388682018
11.433333333333334,1531.6155327094511
11.45,1910.85028420362
11.466666666666667,1748.4279391617204
11.483333333333333,1666.193088619717
11.5,1928.730253153924
11.516666666666666,1674.1507684600933
11.533333333333333,2013.1539551211688
11.55,1754.8978753884535
11.566666666666666,1596.5682925565475
11.583333333333334,1629.722645224761
11.6,1681.5926579028583
11.616666666666667,1978.789841743639
11.633333333333333,1485.9652530595129
11.65,1656.2039455749718
11.666666666666666,1926.2199942425254
11.683333333333334,1745.6222527063994
11.7,1934.3686188092445
11.716666666666667,1909.7059165473518
11.733333333333333,1712.2196010280934
11.75,1888.842561049991
11.766666666666666,1923.0390428457904
11.783333333333333,1996.518193377544
11.8,1836.1744960970748
11.816666666666666,2131.9448925378656
11.833333333333334,2057.8482059420903
11.85,2098.7141495879187
11.866666666666667,1995.8342853064448
11.883333333333333,2223.1656912536905
11.9,2208.1597238836293
11.916666666666666,2189.4080084654493
11.933333333333334,2336.0194377168827
11.95,2291.080164394018
11.966666666666667,2478.6322613582856
11.983333333333333,2428.9402795062992
12.0,2489.381338553718
12.016666666666666,2419.3258690134057
12.033333333333333,2569.249104343957
12.05,2287.8985912019793
12.066666666666666,2449.784285805425
12.083333333333334,2380.802763969205
12.1,2300.0748164050447
12.116666666666667,2619.8428801039254
12.133333333333333,2139.4492997078037
12.15,2174.985851007614
12.166666666666666,2324.484153316063
12.183333333333334,2472.409056955496
12.2,2216.5548252235
12.216666666666667,2238.9720158976284
12.233333333333333,2335.478591827966
12.25,2158.039609695221
12.266666666666666,2120.626505383895
12.283333333333333,2305.691722701277
12.3,2260.2883607458975
12.316666666666666,2375.979180306913
12.333333333333334,2213.9905202507575
12.35,2188.611644992658
12.366666666666667,2186.571580763612
12.383333333333333,2266.893342386662
12.4,2258.9089366337203
12.416666666666666,2287.446336557021
12.433333333333334,2067.6532597211517
12.45,2222.6261004826974
12.466666666666667,2265.785860008632
12.483333333333333,2289.8474962291984
12.5,2065.793217112257
12.516666666666666,2330.803823535127
12.533333333333333,2287.4665517736685
12.55,2132.785489947139
12.566666666666666,2360.2459086364333
12.583333333333334,2377.9127637443157
12.6,2329.167394472577
12.616666666666667,2594.5294052279496
12.633333333333333,2391.0025699092143
12.65,2426.5058321671613
12.666666666666666,2510.4997277610464
12.683333333333334,2372.8396120099246
12.7,2385.8434233123558
12.716666666666667,2334.8010058632362
12.733333333333333,2233.836617788016
12.75,2390.6478230334505
12.766666666666666,2067.8688391552905
12.783333333333333,2332.18652892308
12.8,2200.743655715625
12.816666666666666,2188.4026554225507
12.833333333333334,2101.0397430594676
12.85,2074.888936241373
12.866666666666667,2311.3962842305355
12.883333333333333,2191.5832276275924
12.9,1935.8248459318888
12.916666666666666,1958.5425168226895
12.933333333333334,1987.6168137409147
12.95,2168.9844807589675
12.966666666666667,2130.8347751545894
12.983333333333333,2047.509954716356
13.0,2193.98939324658
13.016666666666666,1974.288358700186
13.033333333333333,1972.6075880152384
13.049999999999999,1973.0540067087743
13.066666666666666,1969.733123846025
13.083333333333334,2150.29075179148
13.1,2278.680814446875
13.116666666666667,2187.9839808953684
13.133333333333333,2115.726790297003
13.15,2302.0755041786833
13.166666666666666,2177.8792651712884
13.183333333333334,2432.1743682411084
13.2,2465.411451239234
13.216666666666667,2256.4648599729694
13.233333333333333,2348.118943593549
13.25,2547.6696965315195
13.266666666666666,2426.532103117854
13.283333333333333,2596.24339152231
13.299999999999999,2443.4129789720255
13.316666666666666,2423.4889819672585
13.333333333333334,2229.6335173896355
13.35,2552.144632676782
13.366666666666667,2596.447863247926
13.383333333333333,2452.0236793495187
13.4,2590.5438765990784
13.416666666666666,2687.284326194026
13.433333333333334,2331.873856379491
13.45,2567.365920325383
13.466666666666667,2361.9794965112387
13.483333333333333,2439.375431031621
13.5,2382.2487046769265
13.516666666666666,2228.9448985422914
13.533333333333333,2410.93057148193
13.549999999999999,2338.3316545107177
13.566666666666666,2238.6101620571235
13.583333333333334,2221.7243106799915
13.6,2195.330076578927
13.616666666666667,2118.806073400728
13.633333333333333,2039.9941714330125
13.65,2056.412839092428
13.666666666666666,2104.2442612987643
13.683333333333334,2034.7150546831717
13.7,2072.695779523173
13.716666666666667,1948.812115472765
13.733333333333333,2124.596591163145
13.75,1985.9201782744879
13.766666666666666,2088.691079806688
13.783333333333333,2165.8311048584296
13.799999999999999,2005.2317880791736
13.816666666666666,1869.3688451695589
13.833333333333334,2098.162171518636
13.85,2111.7911719469694
13.866666666666667,1782.4711353608475
13.883333333333333,2093.2102480805192
13.9,1910.9955904342828
13.916666666666666,1836.752698571467
13.933333333333334,2081.4855626440985
13.95,2073.5439032988206
13.966666666666667,1757.1550053583367
13.983333333333333,2135.806800736726
14.0,1920.7853897757516
14.016666666666666,1930.322173497828
14.033333333333333,1929.1669805007632
14.049999999999999,1809.4477504453937
14.066666666666666,1464.397669170687
14.083333333333334,1987.0989684570632
14.1,1817.2968616130752
14.116666666666667,1899.1214972127161
14.133333333333333,1661.6875685319683
14.15,1807.7756111329188
14.166666666666666,1682.758428197655
14.183333333333334,1540.9190402911493
14.2,1638.1287229257264
14.216666666666667,1691.210249988002
14.233333333333333,1745.5269260930465
14.25,1472.6951801327778
14.266666666666666,1626.2801785126164
14.283333333333333,1463.8700364469628
14.299999999999999,1427.266436815872
14.316666666666666,1469.259595338462
14.333333333333334,1469.1884464491538
14.35,1627.9524436228214
14.366666666666667,1593.9056349461534
14.383333333333333,1479.9737564623895
14.4,1604.6342538575439
14.416666666666666,1520.2754966057735
14.433333333333334,1585.6828787128434
14.45,1560.2078371578807
14.466666666666667,1494.0501866046432
14.483333333333333,1592.9725906150552
14.5,1618.1837155016876
14.516666666666666,1573.8101743631205
14.533333333333333,1730.8545682881654
14.549999999999999,1736.8151328256154
14.566666666666666,1730.842400458287
14.583333333333334,1786.9110729031404
14.6,1929.3928956669151
14.616666666666667,1795.1053474486491
14.633333333333333,1715.7593428938758
14.65,1748.3028205428586
14.666666666666666,1868.8414255497373
14.683333333333334,1678.7724696887476
14.7,1901.2570931955497
14.716666666666667,1854.1516944006407
14.733333333333333,1625.5468710618557
14.75,1805.1649363670435
14.766666666666666,2012.850672955952
14.783333333333333,2038.8605009694618
14.799999999999999,1727.4977400601713
14.816666666666666,1777.2457664478384
14.833333333333334,1915.6976993265898
14.85,1573.0569829978906
14.866666666666667,1626.5375573815443
14.883333333333333,1924.6589269095778
14.9,1665.4069207161506
14.916666666666666,1884.8246367828506
14.933333333333334,1574.3436273015818
14.95,1692.066201057436
14.966666666666667,1739.9375033571148
14.983333333333333,1685.2285798629393
15.0,1563.6661477853554
15.016666666666666,1536.1433265265873
15.033333333333333,1470.0221896045887
15.049999999999999,1624.7291587171019
15.066666666666666,1745.9408108486612
15.083333333333334,1556.0253571626697
15.1,1404.01198100877
15.116666666666667,1333.726691481136
15.133333333333333,1410.4960795894297
15.15,1399.383335876736
15.166666666666666,1616.794009096421
15.183333333333334,1753.1818553990918
15.2,1503.5408706877888
15.216666666666667,1454.9343626760653
15.233333333333333,1507.420952344583
15.25,1483.3760137663594
15.266666666666666,1641.355450469368
15.283333333333333,1725.7553408887313
15.299999999999999,1354.7134169324145
15.316666666666666,1531.4704121827406
15.333333333333334,1663.7759916563105
15.35,1503.0498079419867
15.366666666666667,1635.7040339949003
15.383333333333333,1389.874966055624
15.4,1732.524483663593
15.416666666666666,1565.7115024568086
15.433333333333334,1550.4052732889072
15.45,1324.168704875719
15.466666666666667,1668.294824007673
15.483333333333333,1383.5105656842406
15.5,1526.7109674023318
15.516666666666666,1603.1245511015984
15.533333333333333,1677.565865450269
15.549999999999999,1341.9812041843372
15.566666666666666,1155.1905987769067
15.583333333333334,1481.9010200815003
15.6,1487.9041281634036
15.616666666666667,1384.5481238229827
15.633333333333333,1312.2776841485454
15.65,1294.0300062470656
15.666666666666666,1420.7232184907748
15.683333333333334,1505.0400747382184
15.7,1351.4367452703555
15.716666666666667,1330.3073774931934
15.733333333333333,1343.3377875360384
15.75,1520.039557322823
15.766666666666666,1427.9591140962602
15.783333333333333,1735.164442944815
15.799999999999999,1555.93882714026
15.816666666666666,1512.950095509756
15.833333333333334,1843.59306210452
15.85,1820.0921384701046
15.866666666666667,1762.7148350525317
15.883333333333333,1734.2023257457965
15.9,1732.8774255317683
15.916666666666666,1746.296518262164
15.933333333333334,1936.8906734804698
15.95,1858.1693757747207
15.966666666666667,1922.731625156687
15.983333333333333,1706.3888965256042
16.0,2175.602262751576
16.016666666666666,1991.7983892868565
16.03333333333333,2098.1516284217087
16.05,2027.4875704851115
16.066666666666666,1940.6988148689811
16.083333333333332,2005.7177778396845
16.1,2032.983330410243
16.116666666666667,1949.6996634177706
16.133333333333333,2185.3457068356734
16.15,2038.1190993818946
16.166666666666668,2193.4881047627723
16.183333333333334,1978.8348833061393
16.2,1757.0550934745718
16.216666666666665,1845.0662907923331
16.233333333333334,1812.1237702168728
16.25,1809.6185829429376
16.266666666666666,1927.515884120736
16.28333333333333,2166.0629153291547
16.3,1947.38194469899
16.316666666666666,1912.7762575029592
16.333333333333332,2074.727854287683
16.35,1832.7492990484157
16.366666666666667,1850.0442334604897
16.383333333333333,1935.0189749080998
16.4,1662.9437674341334
16.416666666666668,2022.2340385524506
16.433333333333334,1768.8665721421237
16.45,2102.293272133861
16.466666666666665,1781.4995763820323
16.483333333333334,2106.488531479603
16.5,1840.3698026317243
16.516666666666666,1696.5215723971564
16.53333333333333,1858.8059436988724
16.55,1769.5414094993607
16.566666666666666,1948.0371822803065
16.583333333333332,1851.404662305581
16.6,2191.841631107081
16.616666666666667,1828.6781115590557
16.633333333333333,1868.6785907438036
16.65,1948.6729824343938
16.666666666666668,1923.0835931524712
16.683333333333334,2001.5437927514145
16.7,1989.719856925599
16.716666666666665,1879.6903735431358
16.733333333333334,2135.37144231558
16.75,1782.327416541263
16.766666666666666,1765.5372312014308
16.78333333333333,1875.0071961086082
16.8,1863.8072494697672
16.816666666666666,1914.154678718518
16.833333333333332,2113.058324471957
16.85,1932.3609813394755
16.866666666666667,1724.1713491068288
16.883333333333333,1680.6819170780045
16.9,1793.947566340899
16.916666666666668,1815.7011180290676
16.933333333333334,1836.0104842582334
16.95,1603.8880517276232
16.966666666666665,1866.9332289551319
16.983333333333334,1950.3377973511808
17.0,1754.1339025196357
17.016666666666666,1676.7430537824132
17.03333333333333,1723.8403843219633
17.05,1589.2125857116578
17.066666666666666,1627.1173974231872
17.083333333333332,1844.1529649885108
17.1,1720.9037074475787
17.116666666666667,1837.5145739598056
17.133333333333333,1633.9891474231845
17.15,2048.5313127457985
17.166666666666668,1915.7034861095417
17.183333333333334,1969.9763661664215
17.2,1699.9143054612632
17.216666666666665,2094.5065921467594
17.233333333333334,1996.4119492476698
17.25,2023.5079251124982
17.266666666666666,2152.034100693879
17.28333333333333,2227.861902644082
17.3,1977.441101147741
17.316666666666666,1982.8438230166457
17.333333333333332,2435.493995383738
17.35,2259.5095582990416
17.366666666666667,2034.0948863274816
17.383333333333333,2211.632118323415
17.4,2108.9438683624435
17.416666666666668,2071.325700003938
17.433333333333334,2141.7503214223116
17.45,2422.9485403617878
17.466666666666665,2119.957876753072
17.483333333333334,1847.142681411031
17.5,2352.5265207510884
17.516666666666666,2103.8804741619633
17.53333333333333,1971.5040550626873
17.55,2085.9128694658107
17.566666666666666,1941.3545443877192
17.583333333333332,2041.4279385396546
17.6,1784.0424461639682
17.616666666666667,1817.8603260639595
17.633333333333333,1750.8816751645427
17.65,1786.911795240785
17.666666666666668,1798.396936862043
17.683333333333334,1889.8021329920693
17.7,1769.5425819236257
17.716666666666665,1631.3102837634062
17.733333333333334,1679.8001643311434
17.75,1675.952708293069
17.766666666666666,1753.8020937880653
17.78333333333333,1906.25885990423
17.8,1556.8502271509492
17.816666666666666,1807.6032306457123
17.833333333333332,1856.779564093003
17.85,1702.4957599468153
17.866666666666667,1681.0547021215139
17.883333333333333,1473.9631931902004
17.9,1600.0409763431144
17.916666666666668,1648.2090147764495
17.933333333333334,1633.2951648507549
17.95,1712.9109507554033
17.966666666666665,1453.9332012497478
17.983333333333334,1701.1400591254321
18.0,1581.2070271706675
18.016666666666666,1709.543882546648
18.03333333333333,1544.678488189409
18.05,1639.6762152893803
18.066666666666666,1447.3084479138165
18.083333333333332,1558.8900047861794
18.1,1646.4510271486315
18.116666666666667,1455.8594006263945
18.133333333333333,1551.6946132487708
18.15,1437.5724666936324
18.166666666666668,1496.4080855262923
18.183333333333334,1367.7280691156404
18.2,1113.4650654344075
18.216666666666665,1249.7231245788303
18.233333333333334,1418.4325608967465
18.25,1546.1599181029817
18.266666666666666,1562.9482228188372
18.28333333333333,1203.8323127058939
18.3,1226.0213986019637
18.316666666666666,1130.0722343854525
18.333333333333332,1605.4533881699635
18.35,1336.3375649055595
18.366666666666667,1323.7416899371751
18.383333333333333,1343.8334175950615
18.4,1160.2519340696358
18.416666666666668,1282.1917432959676
18.433333333333334,1148.657061028476
18.45,1393.3790560521588
18.466666666666665,1302.2056951413958
18.483333333333334,1415.380614590546
18.5,1204.8790757459894
18.516666666666666,1444.4233973267387
18.53333333333333,1586.645421128906
18.55,1627.5700565207158
18.566666666666666,1440.270560995935
18.583333333333332,1661.6381867206337
18.6,1240.453669068776
18.616666666666667,1610.180681809519
18.633333333333333,1506.364820153622
18.65,1603.5299634634223
18.666666666666668,1635.196818885893
18.683333333333334,1744.3465871527735
18.7,1635.5464881468317
18.716666666666665,1602.4049326921877
18.733333333333334,1650.7575728833021
18.75,1772.767669215364
18.766666666666666,1815.6851778496684
18.78333333333333,1700.6193264348808
18.8,1592.2938081695759
18.816666666666666,1601.494144098251
18.833333333333332,1789.075958428627
18.85,1788.7991914882598
18.866666666666667,1408.4281203978892
18.883333333333333,1413.7132141651266
18.9,1621.9110745951284
18.916666666666668,1475.9505747132494
18.933333333333334,1437.700216155256
18.95,1521.122606956014
18.966666666666665,1403.9929455707536
18.983333333333334,1388.1077614829892
19.0,1308.3835415805988
19.016666666666666,1387.2972268450594
19.03333333333333,1399.1675065558495
19.05,1289.8414562482155
19.066666666666666,1512.5712441705996
19.083333333333332,1362.7166850175004
19.1,1237.130642993654
19.116666666666667,1547.7887602364551
19.133333333333333,1189.7663102254824
19.15,1270.8164061280577
19.166666666666668,1119.0609242440332
19.183333333333334,1456.0932775989138
19.2,1350.31562998626
19.216666666666665,1565.5710200349956
19.233333333333334,1297.1153875586394
19.25,1553.6017266957513
19.266666666666666,1130.5592385040322
19.28333333333333,1556.1208761865591
19.3,1499.531309178275
19.316666666666666,1560.130238592555
19.333333333333332,1383.8134673342463
19.35,1286.0714534915678
19.366666666666667,1296.2168861406735
19.383333333333333,1372.4987351103005
19.4,1535.3242374547285
19.416666666666668,1410.623596566138
19.433333333333334,1256.4192283670232
19.45,1424.8947830292543
19.466666666666665,1456.2457232843285
19.483333333333334,1189.9198974685166
19.5,1399.0705167776935
19.516666666666666,1283.2829833560402
19.53333333333333,1369.5966375063547
19.55,1248.4346229736664
19.566666666666666,1358.5469813375125
19.583333333333332,1219.6005058113335
19.6,1208.8497687428808
19.616666666666667,1213.677746410272
19.633333333333333,1294.1913767460564
19.65,1121.4507246910766
19.666666666666668,1317.351273224938
19.683333333333334,1223.8836536945219
19.7,1103.3248839836956
19.716666666666665,1294.9541775150358
19.733333333333334,1230.798767560716
19.75,1461.5737375849353
19.766666666666666,1272.3353568171815
19.78333333333333,1596.9614921248447
19.8,1668.084879421001
19.816666666666666,1657.0781151835995
19.833333333333332,1658.5078800106899
19.85,1436.0677068471844
19.866666666666667,1621.1449134644529
19.883333333333333,1773.1407724366725
19.9,1603.2062352874739
19.916666666666668,1679.4991734836487
19.933333333333334,1800.2222535548267
19.95,1951.970399839713
19.966666666666665,2053.572105101873
19.983333333333334,1715.2417190068581
20.0,1990.142074457657
20.016666666666666,1904.5102255806016
20.03333333333333,1966.136126772572
20.05,2007.2193267486714
20.066666666666666,1961.7620365691246
20.083333333333332,2150.7611084010728
20.1,2020.7020718920646
20.116666666666667,2144.3090487275736
20.133333333333333,2031.1825374434502
20.15,1992.550273412678
20.166666666666668,2110.1872499613864
20.183333333333334,1899.19751380564
20.2,1944.6796478813483
20.216666666666665,1972.495682519546
20.233333333333334,1771.66659383277
20.25,1683.4063906697143
20.266666666666666,1942.5794067104537
20.28333333333333,1934.0550263429132
20.3,1740.2214914659241
20.316666666666666,1768.9414508595514
20.333333333333332,1792.919490082972
20.35,1929.9614997567578
20.366666666666667,1932.1038510141937
20.383333333333333,1901.635243345736
20.4,1905.6679688355698
20.416666666666668,1896.9084451368396
20.433333333333334,1766.4964867631465
20.45,1698.9084155609717
20.466666666666665,1820.5224436870963
20.483333333333334,1829.2173473460898
20.5,2022.0707548611601
20.516666666666666,1967.290129105383
20.53333333333333,2016.687835695309
20.55,1950.0991532611242
20.566666666666666,2040.4697782514793
20.583333333333332,1834.3962314447776
20.6,1892.8440834581604
20.616666666666667,2014.1068980683797
20.633333333333333,2154.7470757982564
20.65,2077.097590309109
20.666666666666668,1857.6917939810414
20.683333333333334,2088.4521595696533
20.7,2152.768461987841
20.716666666666665,2000.3271771564482
20.733333333333334,2165.2128632933895
20.75,2173.6641314727385
20.766666666666666,1977.826174332822
20.78333333333333,2041.3049358236822
20.8,1749.6430357248441
20.816666666666666,1795.0579220481873
20.833333333333332,1870.7606699462146
20.85,1887.054512090773
20.866666666666667,1799.8103230550535
20.883333333333333,1931.8090030987614
20.9,1785.2375283608474
20.916666666666668,1808.302925023019
20.933333333333334,1962.618853155281
20.95,1790.374592650328
20.966666666666665,1653.0898187319422
20.983333333333334,1713.840112735691
21.0,2020.1126978368695
21.016666666666666,1762.9258910181059
21.03333333333333,1924.0611510398307
21.05,1922.3038210682387
21.066666666666666,1804.4926154669233
21.083333333333332,1752.4512839416614
21.1,1583.6863391675975
21.116666666666667,1858.2996392080315
21.133333333333333,1819.108738260523
21.15,1949.9616721196762
21.166666666666668,1952.309070990674
21.183333333333334,1761.8414466439986
21.2,2100.844578882408
21.216666666666665,2206.0696625411556
21.233333333333334,2137.540850431672
21.25,2080.5294578423936
21.266666666666666,2073.7758790036205
21.28333333333333,2230.983931968315
21.3,2225.339267769552
21.316666666666666,2205.6257485014817
21.333333333333332,2341.7549633342633
21.35,2225.2960297082
21.366666666666667,2351.0399198625346
21.383333333333333,2490.8671999532953
21.4,2153.2542918535437
21.416666666666668,2217.499369440638
21.433333333333334,2284.7465103567274
21.45,2197.8741501527825
21.466666666666665,2422.3057825853843
21.483333333333334,2258.542496380228
21.5,2066.6585445703367
21.516666666666666,2193.9365556111798
21.53333333333333,2100.470256429054
21.55,2052.6395015273097
21.566666666666666,2189.327318156503
21.583333333333332,1988.5423037157327
21.6,2030.2857511833854
21.616666666666667,2017.557481290289
21.633333333333333,2075.9069581649082
21.65,1912.2420118359948
21.666666666666668,2110.017845889778
21.683333333333334,1823.5093131124668
21.7,1835.7328316658682
21.716666666666665,1804.8228303659478
21.733333333333334,1975.7371069353353
21.75,1884.3618894779142
21.766666666666666,2077.421921663469
21.78333333333333,1826.7814153643628
21.8,1810.5914487615162
21.816666666666666,1927.7578235016508
21.833333333333332,1911.9352502130314
21.85,1711.8527907901598
21.866666666666667,2052.29481087537
21.883333333333333,1831.6476532965494
21.9,1898.6672294306006
21.916666666666668,1753.3004756351065
21.933333333333334,1842.7559614299666
21.95,2007.9779511333556
21.966666666666665,1865.488364844736
21.983333333333334,1822.30272874393
22.0,1806.8927467685803
22.016666666666666,2007.5959712907045
22.03333333333333,1717.5536666761266
22.05,1712.3592771269034
22.066666666666666,1878.0950075413882
22.083333333333332,1757.1889318531835
22.1,1732.6124650383765
22.116666666666667,1732.6098889252405
22.133333333333333,1820.2113257629244
22.15,1705.9409048628195
22.166666666666668,1480.893087904038
22.183333333333334,1664.7475952138882
22.2,1545.3532256854023
22.216666666666665,1474.4028959660222
22.233333333333334,1602.0102729879047
22.25,1530.4587009456127
22.266666666666666,1233.77611097816
22.28333333333333,1365.2960647397579
22.3,1645.2606074909972
22.316666666666666,1349.4322606201838
22.333333333333332,1565.988040499466
22.35,1468.3703199184447
22.366666666666667,1432.7911586146442
22.383333333333333,1535.6647706684955
22.4,1661.2441845124188
22.416666666666668,1500.9592206329305
22.433333333333334,1367.183672440112
22.45,1586.8379600052797
22.466666666666665,1533.953316134065
22.483333333333334,1605.8369497391436
22.5,1590.115556904379
22.516666666666666,1627.8999239693355
22.53333333333333,1653.2171296829267
22.55,1558.62890809065
22.566666666666666,1744.2173120519649
22.583333333333332,1742.4998393113897
22.6,1782.725492273132
22.616666666666667,1784.4638583365233
22.633333333333333,1751.9197525683048
22.65,1850.9433739879166
22.666666666666668,1736.8224940071573
22.683333333333334,2115.9505969680968
22.7,1889.2168578799658
22.716666666666665,1837.1368969844534
22.733333333333334,1747.8464825247308
22.75,1812.5595609204859
22.766666666666666,1899.3029338365595
22.78333333333333,1766.683989324534
22.8,2036.3440530413782
22.816666666666666,1873.5022131127457
22.833333333333332,1977.6418315932253
22.85,1961.7702774880038
22.866666666666667,1834.7766206180297
22.883333333333333,1870.6600637993038
22.9,1659.0372003783323
22.916666666666668,1559.5242926375345
22.933333333333334,1678.7288781765888
22.95,1951.113445008191
22.966666666666665,1841.7883923542404
22.983333333333334,1749.8847431745917
23.0,1658.4083922864097
23.016666666666666,1542.7568281086535
23.03333333333333,1488.0945520719392
23.05,1618.41907808634
23.066666666666666,1629.1375379685528
23.083333333333332,1787.5943652847313
23.1,1580.6544150629716
23.116666666666667,1668.685554055839
23.133333333333333,1437.0082010298158
23.15,1372.284408192124
23.166666666666668,1601.0317564128331
23.183333333333334,1896.9675050193578
23.2,1648.6889390014219
23.216666666666665,1679.3617790761114
23.233333333333334,1491.8229862259204
23.25,1631.5954537809457
23.266666666666666,1457.5221719985875
23.28333333333333,1662.5757024655054
23.3,1675.012314852197
23.316666666666666,1668.112184099536
23.333333333333332,1529.0775279032823
23.35,1616.8058212994745
23.366666666666667,1506.7086052068255
23.383333333333333,1646.0044228412276
23.4,1590.0989509624342
23.416666666666668,1761.1304257297775
23.433333333333334,1366.9618513531893
23.45,1665.0182354833698
23.466666666666665,1693.9639039044089
23.483333333333334,1845.9971929050362
23.5,1481.653038240428
23.516666666666666,1621.6614150516011
23.53333333333333,1597.3999965538019
23.55,1706.5935467983556
23.566666666666666,1708.5521293707345
23.583333333333332,1796.285589070341
23.6,1397.5723311443303
23.616666666666667,1914.237531371632
23.633333333333333,1596.1527813012174
23.65,1636.4369631750926
23.666666666666668,1506.9011456960618
23.683333333333334,1607.6970222825787
23.7,1537.9154768686637
23.716666666666665,1644.9301362345066
23.733333333333334,1705.992698464953
23.75,1584.4595305075197
23.766666666666666,1748.740744916082
23.78333333333333,1753.557120207545
23.8,1934.7984934715619
23.816666666666666,1862.5263265057624
23.833333333333332,2045.7401406468384
23.85,1848.913646768296
23.866666666666667,1827.7559355174326
23.883333333333333,2065.5145057430927
23.9,1924.0022905424755
23.916666666666668,1987.4211631868413
23.933333333333334,2500.175649962625
23.95,2071.8391027332164
23.966666666666665,2033.2927165547906
23.983333333333334,1886.5578654077826
24.0,2140.133264956771
